hotlist_id,date_added,name,address,dob,telephone
1,2010-01-09T00:00:00.000+00:00,A Romano,,,
8589934593,2008-06-02T00:00:00.000+00:00,James Olson,"2541 Hurry Street, Fredericksbu, VA, 22408",,540-272-0460
17179869185,2001-05-31T00:00:00.000+00:00,Robert Soto,"4316 Briarwood Drive, Bridgeton, NJ, 08302",,856-455-2904
42949672961,1996-10-04T00:00:00.000+00:00,Complete Tech Co,"Linieweg 163, Landelies, WLX, 6111",,0474 59 59 11
94489280513,1999-05-26T00:00:00.000+00:00,Mikki Hassi,,,06-14188556
94489280514,2003-11-09T00:00:00.000+00:00,Callum Crawford,"4147 Highland View Drive, Rocklin, CA, 95677",1970-02-28,916-632-7715
146028888065,2014-03-05T00:00:00.000+00:00,R Hockman,"13 Romines Mill Road, Dallas, TX, 75247",,214-625-0747
171798691841,1997-03-06T00:00:00.000+00:00,Kelly Jones,,1986-09-08,
180388626433,2007-02-11T00:00:00.000+00:00,John Graham,,,
180388626434,2004-10-13T00:00:00.000+00:00,Champion Auto Imports Cor,"1700 Holt Street, West Palm Be, FL, 33401",,
335007449089,1996-11-08T00:00:00.000+00:00,William Newson,"12 Kingsway North, HOLMSTON, KA7 6BQ",,070 5605 0224
395136991233,1993-04-09T00:00:00.000+00:00,Zsolt Vas,,1987-12-01,
455266533377,2011-11-24T00:00:00.000+00:00,E Lazarev,,,(03) 6211 1141
455266533378,2006-05-21T00:00:00.000+00:00,Benjamin Scott,,1974-01-16,917-817-0902
489626271745,2007-03-25T00:00:00.000+00:00,Abbondan Romano,"Via Matteo Schilizzi 138, Gorreto, GE, 16020",1989-11-13,0324 8898173
575525617665,2014-10-12T00:00:00.000+00:00,A Gerber,"Gruenauer Strasse 20, Radbruch, NI, 21449",,
618475290625,2008-12-30T00:00:00.000+00:00,J Smith,"907 Marconi St, Westonaria, Gauteng, 1787",1987-04-11,
652835028993,1992-03-02T00:00:00.000+00:00,Merrymaking Developments,"Sint Annastraat 157, Nijmegen, GE, 6525 ZJ",,06-30289046
661424963585,2002-11-16T00:00:00.000+00:00,Margaret McDonal,,,
695784701953,1993-08-05T00:00:00.000+00:00,Maddison Gadsdon,"Mohrenstrasse 36, Gomadingen, BW, 72532",1971-10-26,07385 13 59 83
704374636545,2007-09-26T00:00:00.000+00:00,Thomas Caffrey,"62 Glenpark Road, BAYLDON, NSW, 2452",,(02) 6714 1722
704374636546,2009-05-24T00:00:00.000+00:00,Angus Mullagh,"63 Fairview Street, PANMURE, VIC, 3265",,
712964571137,2009-05-02T00:00:00.000+00:00,Turner Clavette,"27 Shell Road, BARWON HEADS, VIC, 3227",1970-05-23,(03) 5396 4977
721554505729,2014-08-24T00:00:00.000+00:00,Alyssa Agaundo,"3399 Garfield Road, Peoria, IL, 61602",1977-11-18,309-648-7154
730144440321,2004-03-26T00:00:00.000+00:00,Olivia Cazaly,,1975-03-19,
738734374913,2003-02-03T00:00:00.000+00:00,Jasper Cade,"62 Halsey Road, HAYBOROUGH, SA, 5211",1980-07-24,
755914244097,2014-01-19T00:00:00.000+00:00,Samuel Connal,"71 Larissa Court, MILDURA CENT, VIC, 3501",1977-03-26,(03) 5371 7617
755914244098,2003-07-17T00:00:00.000+00:00,Zachary Gaffney,"60 Acheron Road, TRARALGON, VIC, 3844",1980-08-31,
798863917057,2009-09-22T00:00:00.000+00:00,Fiorenzo Lombard,"Via Santa Teresa 32, Priolo Garga, SR, 96010",,
841813590017,2013-03-18T00:00:00.000+00:00,Madelein Sly,"46 Wilson Street, GREDGWIN, VIC, 3537",1982-06-14,(03) 5387 3393
867583393793,2013-12-26T00:00:00.000+00:00,Albers Super Markets S.M.B.A,"780 Voortrekker St, Isipingo, KwaZulu-Natal, 4133",,082 202 5256
884763262977,2012-09-12T00:00:00.000+00:00,Monmax Developments,,,770-454-3440
884763262978,1992-12-04T00:00:00.000+00:00,Steven Fair,,1987-04-09,
884763262979,1995-10-14T00:00:00.000+00:00,J Patel,"40 Essex Rd, TANTOBIE, DH9 1TZ",1980-11-15,
893353197569,2006-03-14T00:00:00.000+00:00,Owen Purcell,"2394 Leslie Street, Newmarket, ON, L3Y 2A3",1980-11-22,
893353197570,2006-10-08T00:00:00.000+00:00,Oscar McCarty,"20 Passage Avenue, PORT DOUGLAS, QLD, 4877",1981-08-20,(07) 4005 0586
927712935937,2005-07-03T00:00:00.000+00:00,Cody Postle,"3 Frouds Road, NUNGURNER, VIC, 3909",1982-10-27,
936302870529,2010-07-16T00:00:00.000+00:00,Anh Borst,"Dopheistraat 105, Reuver, LI, 5953 MH",1978-01-19,
970662608897,2007-01-11T00:00:00.000+00:00,Michael Hill,"2452 O Conner Street, Pascagoula, MS, 39567",1986-04-25,
1005022347265,2011-09-16T00:00:00.000+00:00,A Nava,"3847 Cherry Tree Drive, Jacksonville, FL, 32202",1972-01-09,
1108101562369,2006-01-25T00:00:00.000+00:00,Forest City Imports EEI,"73 Monteagle Road, HOLT, ACT, 2615",,(02) 6112 8592
1116691496961,1997-02-12T00:00:00.000+00:00,Plan Smart Imports R.L,"17 Redesdale Rd, EPSOM, VIC, 3551",,(03) 5341 2940
1159641169921,2014-10-24T00:00:00.000+00:00,H Thomas,"2274 Isabella Street, Pembroke, ON, K8A 5S5",1984-04-13,
1168231104513,1996-06-20T00:00:00.000+00:00,Marsiliu Bergero,,,0490 12 85 52
1176821039105,2001-09-18T00:00:00.000+00:00,Taylah Using,"30 Benny Street, EAST DEVONPO, TAS, 7310",,(03) 6239 3018
1236950581249,2014-07-21T00:00:00.000+00:00,Prestiga-Biz NV,"2517 Dogwood Lane, Portal, AZ, 85632",,520-558-0010
1245540515841,2008-12-27T00:00:00.000+00:00,A Agnes,,1974-09-25,(03) 9049 6684
1305670057985,2003-06-24T00:00:00.000+00:00,Lily Kitson,"4004 Colonial Drive, Sealy, TX, 77474",1974-09-18,
1314259992577,1997-03-03T00:00:00.000+00:00,M Gerber,,1985-11-06,0688 995 57 81
1314259992578,1999-01-09T00:00:00.000+00:00,April Nava,"Avenida Miguel Bombarda 36, Lisboa, Lisboa, 1600-679",1980-04-09,21 215 378 5110
1400159338497,2004-06-04T00:00:00.000+00:00,Grosveno Arsenau,"R Coutada 1, Nogueira da, Aveiro, 4500-727",1988-05-20,
1408749273089,1992-06-11T00:00:00.000+00:00,Stephani Sample,"1863 Union Lane, Botha's Hill, KwaZulu-Natal, 3660",1971-11-23,084 143 3694
1408749273090,2010-01-05T00:00:00.000+00:00,A Brown,"1003 Brown Street, Walnut Creek, CA, 94596",,925-946-0901
1451698946049,2012-07-14T00:00:00.000+00:00,Robert Link,"Ysitie 13, TAMPERE, Pirkanmaa, 33820",1972-05-13,
1460288880641,1999-04-09T00:00:00.000+00:00,Madeline Amies,"15 Queen Street, NORTH CURL C, NSW, 2099",1982-07-28,(02) 9986 2794
1468878815233,1995-07-10T00:00:00.000+00:00,Abbondan Romano,"Viale Augusto 134, Santo Stefan, LT, 04020",,
1468878815234,2006-09-25T00:00:00.000+00:00,Honorato Garrido,,1988-07-11,
1494648619009,2000-03-17T00:00:00.000+00:00,Tyler Morgan,"57 Birch  Street, El Paso, TX, 79901",1970-11-25,915-727-2081
1546188226561,2013-02-07T00:00:00.000+00:00,N Glover,,,078 4837 6324
1571958030337,1999-01-01T00:00:00.000+00:00,M Johnson,"191 Glyn St, Pretoria, Gauteng, 0179",,083 675 6062
1571958030338,1992-05-06T00:00:00.000+00:00,C Collins,,1989-04-20,(02) 6735 0235
1597727834113,2006-01-05T00:00:00.000+00:00,Farouk Swinkels,"1144 Dorp St, Franschhoek, Western Cape, 7690",1973-04-23,083 951 8651
1640677507073,2010-09-06T00:00:00.000+00:00,Kiara Kay,"43 Fore St, TUDWEILIOG, LL53 0PH",1975-03-08,
1649267441665,2005-06-03T00:00:00.000+00:00,Max McDowell,"1309 Edson Drive, Hinton, AB, T7V 1V1",1985-07-18,
1657857376257,2010-01-26T00:00:00.000+00:00,John Plain EE,"63 Maritime Avenue, CALJIE, WA, 6302",,
1683627180033,1998-01-21T00:00:00.000+00:00,Tyler Morgan,,,
1683627180034,2008-02-29T00:00:00.000+00:00,Elizabet Davis,"4666 Heron Way, Portland, OR, 97205",1981-02-16,
