postcode,price
SK58PA,79553.44068
TS37AL,90704.41421
TS68DE,82111.31824
TS67QY,68005.7295
CF53UH,79710.97115
WF105SD,86686.7865
WS117WT,72185.22686
NE615NY,40321.99453
SA732DL,46602.54003
DH79AJ,68296.69524
DL178AT,67875.37076
DN163DX,67068.65231
LL143DH,77030.55328
M314LP,77970.0528
S123DE,91292.87031
WF149DT,96773.06046
SA12NJ,75056.35386
S756GG,95609.59848
OL146SQ,93502.05166
PL14GN,69808.27218
S138TS,98421.42642
L353TF,65822.7493
ST33LY,81555.63798
ST56EX,70328.68218
S57SQ,74051.88834
CH663JH,94225.18902
IP29LX,85283.29823
NE84EQ,96623.05553
NE83UJ,73032.16436
WF169NA,85737.54151
BL13QW,54190.6785
DH46RL,73165.4692
NG69EH,87920.08239
NG69EW,84171.07324
YO164PW,70251.93842
NG68JW,78258.91214
CH422AS,71691.97691
SK58DF,76716.73018
SS164AE,91806.92128
S141GD,50532.22438
TS285BX,71193.73212
B95DL,89929.98306
M241TF,55263.19418
OL98DJ,81585.17921
SK118SG,96390.85368
SA623PP,92093.33318
BS31ST,99975
DL179JE,95775.53255
S753JH,69503.13513
ST66AX,71667.55968
BB55DD,71303.8765
HD46BJ,80723.53248
CH425LJ,75712.00347
CH424PF,85188.55041
SR46QH,61144.06748
SR49DT,58191.01282
SR48JD,94525.257
HU69BY,58846.46429
LE111BB,60274.35913
M74BW,98059.56418
TQ33RN,61089.33654
TQ33UP,94367.99762
HU74AG,99268.69528
NE61QZ,51486.61871
NE95PJ,90401.67271
S366FT,96652.87652
L50BD,79405.49202
L56PF,69775.88485
NE297HT,95261.00819
WF32FT,84578.75
DN331NU,55132.50181
PE252PA,63874.60843
CB113GR,68000
WA27PT,92495.16202
WA35HT,50421.20555
BB31BN,46858.67275
OL14RP,82890.61822
S667PE,72776.68908
WF110HR,90141.91952
CF446EH,49915.85415
L209BW,81835.98953
L204UJ,65453.28017
L305RY,44000
CF465AE,59340.1917
CF465DA,84261.24368
CF465LS,92375.12334
OL79PB,97564.33087
WN24DH,74322.6902
OL158PS,50000
M242FF,92113.38961
S651HE,68474.56123
ST46NQ,98341.83359
SA79JQ,95720.94604
LE42FT,81728.98251
LS110JR,81800.67925
TF28EW,94636.07774
WS107PY,93010.8228
L200DT,88933.57303
HG29BJ,99796.39573
M66AQ,70348.41564
TS68BD,86680.52624
M278RS,68605.43379
SA132UH,70868.05352
NE238DT,92145.80841
PE244HA,90248.91378
CM71FD,94431.0157
CA141XD,65127.22452
CA142TL,95734.5306
CH658BF,79746.74857
DL79HW,99485.23672
LL207SG,91661.31064
NE296RB,40018.68562
LL574UH,80000
LL260YP,85000
M297QX,86393.76121
ST42AT,65507.79384
NP132NJ,55523.88678
CF440AS,94302.38584
CF448EE,82030.88005
CF466UB,52016.77848
LA144AS,52451.16138
TN62NU,74237.65466
BS233ES,83296.13692
B323SE,98461.63467
NE126GP,77307.23065
DY52EZ,99616.31853
M264PL,86073.80893
LN13UX,83930.313
S654EN,94111.56853
SY107TJ,69995
HU68AS,72788.33539
BD182NX,74900.93093
CH446LZ,76255.16333
CA289SJ,82887.93132
DN162DQ,87322.86139
WF177JS,79011.17861
M405QQ,85035.89392
CH421PT,92581.49851
LN121EE,37742.36112
M297AT,93244.97775
TS69HE,40276.64794
DN123HJ,62942.20629
DE554LW,97494.43973
DL78PD,31594.7339
SA175TA,90000
BL13UL,70000
MK137BG,65275.85557
HU69RF,74815.06407
DL179NQ,86709.49593
NE243UR,84636.32432
LL401NB,45280.71533
OL120PH,32726.80145
TA65JU,83770
CH468UT,82407.81811
CT118PF,72477.40052
CT118DR,95047.75195
NE425DS,95199.89903
NG208NH,91826.5357
S612JE,94388.36753
TD151PY,89880.11687
TN376PB,90040.2957
B688RB,98354.28507
BD228JB,59946.72543
DH98NZ,90936.21212
DN110JD,82141.62746
DN110QZ,76047.09423
DN110LH,78933.37436
DN110AR,73763.37102
DN200SJ,88828.9044
DN327ND,51846.50769
DN327JQ,40257.52219
FY15LP,91280.62211
FY16HT,64155.56634
FY15PS,77885.98536
M389UY,94021.95627
NE403RG,80252.39712
OL112HU,81995.90261
OL114QW,78815.92929
S627NB,97875.00847
S625RT,78171.71613
BB99DN,52362.1787
BB99JE,51328.15357
DE236WZ,73522.04083
DE236TW,90144.08154
DN67RH,90989.31765
NP444DB,97067.52876
NP447HY,95086.95935
OL83RG,94311.63223
OL82LJ,54513.03292
SA133ES,87907.41819
SA131YE,69266.22204
SA59LN,87003.64366
SO143BB,88540.98838
SR77UJ,74116.38793
WA119BZ,70568.25827
WA117BY,84528.39871
OL81XW,54166.62245
WA110LD,75384.23872
B314RN,99585.21459
CH664RH,99574.05882
DE74JE,74786.38171
DE74GN,98736.47688
DE757NF,76344.51159
NE126LF,95995.79611
PE25PP,52946.19429
S124FB,85998.45623
S23NF,94210.49688
S23UP,65467.20404
PE25PZ,99229.05699
S122AR,89730.38382
B688RH,94975
B711DY,78807.20918
BA228JY,98178.46004
CT126UD,81510.02893
L326QA,20000
M147WL,84189.55414
M261EZ,83139.42577
S639NP,62591.95795
S630DA,90723.24534
S639NW,66476.31816
CF834AU,90812.43
CO152RG,89248.47343
LL401PW,75966.78811
M283PE,62567.08393
NP234LW,71859.6607
NP236HD,91964.68382
OL36AX,87199.56989
SK39BP,97249.86846
SK38RB,97691.81431
ST61LY,77153.36597
TS260XE,79212.45531
TS274BU,67264.62026
B160JN,95407.12043
BD213AJ,67600.2308
BD215BP,89461.96583
BD87BZ,92187.63427
CA79AG,90124.00603
CA81RU,74166.06624
DN345UP,89482.68921
DN345SA,52420.38524
FY45BX,86666.6278
HU36RQ,93085.79401
L92DA,90495.3034
L92AY,79496.49017
LL717BD,78825.79719
LS175DX,91483.39447
NE646UX,71147.88404
OL113AT,94965.16095
OL112QU,47304.55804
WF91LF,69798.38792
WF92AF,68020.43813
WR12DS,61665.73792
S613RN,69147.6403
WF94AP,64899.24142
B632PX,87488.23078
CF33ET,97192.49888
CF334BG,99464.22563
CF336LF,89504.228
CH439US,90582.91829
LL689BT,92871.55135
S728QF,60456.58122
SR29RS,75880.33462
ST20QG,68810.65866
ST29LF,86370.95901
WA102BW,95373.73376
WA104BN,80217.66814
WS109RT,91416.53384
WV140AG,47241.62303
WV140LD,78735.91939
ST20NR,74975.90103
HU192AZ,83877.4842
LS122HH,99648.55177
NE638DY,74118.28089
NG162NH,92570.21327
NG165PR,95808.03514
NG166EB,93621.24343
NG163HF,89881.50821
OL162RF,78756.30434
OL162SX,83407.47567
PE131QD,54688.48965
SA733HP,74153.13936
SK138RL,89979.81601
SR67AA,85647.30117
NG166PE,67926.23572
OL162TY,73907.69287
OL163SW,81399.10876
S137QE,95369.65565
B347SQ,85358.34539
B440QG,92107.30733
BB186EU,68875.96387
CF470DJ,47944.79766
DL166JN,98636.29001
DL167DZ,66785.89212
GL155PE,90386.40929
HU55DR,90741.17919
HU52HY,69901.60334
M193FA,76105.88421
M298HD,84613.45498
NE312DP,98778.36158
NR310AW,88542.82686
S459TA,91489.37783
TS232PS,77803.93167
TS233EB,68677.67954
UB40XU,47956.99924
HU51DU,61321.52771
LS96NN,85336.154
BB67LQ,74669.73706
CF449NF,88053.846
CF447NY,50067.86099
FY20NQ,92373.57016
HD16ET,89138.25468
HD13TR,89028.23888
ST74BS,90304.58695
ST71PW,59227.49052
WF129HN,89450.52708
BB52NN,48248.52023
BB55PD,70218.35955
BB54JJ,56760.48082
CV58AL,94744.66592
DE238XL,36766.42548
DN123HL,98842.16371
DN121HB,70272.21355
DN24HP,71334.73422
DY27DR,73222.48436
DY28EX,83384.02486
DY29AY,97487.59868
HD33EU,90948.83158
TS177HA,60271.09979
TS179RA,69557.29317
CH54BA,86422.37693
CW71QL,79000
DL120SU,91209.65721
L337SW,65000
NE232UW,80081.05156
NE237AF,89676.26889
NE237JA,81596.24886
SK92SH,85820.62238
WS33HN,93276.36977
CV65HR,55811.48937
DN75PE,78659.5118
L44DG,59796.52966
NE349TZ,78435.25618
NN168XT,96000.22239
PE196AY,97067.39577
S730XX,77666.66667
S738DZ,92448.42493
S730AE,59374.75129
SK141QS,93627.98171
SK144JB,93330.66825
SN56NB,99600.34359
B440PJ,95940.53555
BD205SB,57636.21194
CF371NE,79660.30272
CF372NF,61410.42549
DH62DT,59309.9976
DH63HH,43622.25459
DL42BP,64846.8824
DL94UT,90254.02765
HU32HL,84498.85605
HU46PR,60687.07153
M187JW,89810.82919
M187RA,97571.4674
M359JS,95352.02706
M436AN,76926.84363
M437RD,97850.85969
M97DW,70687.6224
M94EH,56525.96088
S56EA,87381.24911
S59NW,62037.47431
TN237XH,96472.12097
TN401HE,82652.3914
WF42HX,62202.92959
HU52UY,97763.38517
NG150AA,70985.87163
S204SA,91165.25254
L214NW,72921.18369
LL115SH,93589.65284
M261JF,56618.93322
LL113TE,99798.4636
BB21DY,59479.27027
BD228LR,86341.08875
CA222DS,72734.37248
NG177HR,77260.69491
NG172JD,74862.92107
NG59DX,81692.20159
NG59DW,70195.06326
NG55SU,97401.61674
OL28EZ,74772.95441
WA76DF,51356.35977
NG179JF,84512.25577
BB128QY,77074.44786
BB127LF,78586.11084
BB126QF,56515.92644
HU192EF,61471.15467
LL689BE,96390.18361
NP132SA,59640.24046
NP131SU,40709.13905
NP131DF,63286.76497
NP246AW,62156.05225
OL82JZ,86459.39807
SA65HF,99108.60836
SA65NB,68811.99133
SN48HG,76766.56879
B775NA,99826.7798
BB89HB,86473.48645
BB89HZ,86809.7783
BD63RR,96679.3354
CF426NA,74016.51286
CO92RB,70000
L345RW,89756.94045
OL97HX,80773.00804
CF819DT,98098.77612
CF818RH,84449.43144
L367TG,83683.84698
L65AB,79165.60522
LS146SU,82327.5502
NE287HP,54456.62911
OL45ET,57738.40923
OL41DY,65735.50136
WS20BJ,98477.48551
WS28BA,77540.92701
CA157NN,73090.77484
CA158SX,42196.0601
CV115PT,88086.25832
DN357QB,72817.09766
DN357AZ,62641.94864
DN58LL,84083.71589
DN84QW,78495.27655
DN84QF,81887.0736
FY38DR,85427.46482
LL652SP,88954.95628
NE333PS,82236.64922
S749JA,85830.68022
S749RN,95549.41504
SR32HR,52828.7647
SR34NU,80013.18802
TR148TP,57179.29518
TS247LQ,58438.71707
TS43PH,85344.67927
CA233EA,84139.41857
CH448BD,71898.91884
CH449BB,69622.51827
HU181SX,81771.11375
M307EP,95317.61938
NE177JA,56955.1847
OL162EU,73773.67094
WA80BE,76606.46422
CA24NH,88877.46383
CA27JW,67424.78994
L112TP,84830.43214
LE125HH,67524.90408
NG42PB,71429.79462
OL103DA,85397.12532
ST101DE,80938.6574
TF74EZ,74905.48244
DH50DQ,75171.9614
DL150PB,92627.12581
OL70HZ,76782.66532
SA152EG,74864.78692
M54FX,69576.71714
PL277FG,96918.21948
SA126EG,75617.19014
SA126RP,87968.68803
WV131DW,86826.27294
WV132LP,83648.22798
LS104BE,68262.57617
M460FD,63595.4175
NN12SH,88536.2552
NP224LW,91238.86143
S701AY,60991.95358
S701NL,79888.8151
SR33DF,80359.96824
WN88HX,90806.76944
WN89AE,75495.48802
WN88DN,96033.14863
WN88AL,86669.45194
LS102EH,94664.77352
YO318UA,88641.06169
BL53TN,82719.30037
DN172HL,46238.60532
NE241HE,74695.20796
NG182EY,65235.88549
NP123TE,85466.65527
HU139NR,88660.64098
LD15LB,79169.90873
NE245NJ,93458.52038
NE84RX,84833.77947
NR32PJ,77575.73154
OL161FF,86430.2823
PR60NU,68162.04255
WA27AF,87405.90369
S739QN,72502.2458
DL54SW,95790.96588
DL55HD,92065.54889
DL57BA,53466.1701
HU80ST,83156.29365
HU88RB,96376.94806
LS103AW,96341.1783
PE218TP,92175.44848
S602JH,60750.00653
ST16JE,88220.71095
TS14PR,60774.65974
WS124QD,95780.93572
WV12RX,99408.35773
B303NG,91414.22938
BB12AW,69881.74693
BD193EY,90505.26884
BD46HY,69933.28188
BD49DU,76336.63726
BD58RB,93583.10291
LN95AZ,99489.29546
LS62HL,75391.30435
WV100NE,98494.82759
BL14PU,80714.74055
DL167ND,60000
DN312JE,73479.27355
GL510DP,98618.38524
HU181RQ,78622.80766
LL184NA,90092.08306
M502QW,48666.66667
NE296PR,40325.32053
CW15EW,88123.69825
CW13ES,70736.32312
DH98RW,51277.86057
TS199AH,84690.75447
CF453RH,71647.07811
DN171LF,74217.09264
CF417SN,49152.79502
CH417BX,84329.29161
NG241NG,98012.1467
LL346AF,80700.22079
NR322BG,98269.19973
BD182HB,80714.57243
DL149BB,70569.6503
BD131JU,88743.55415
CF433BB,43069.51598
PR22AS,89274.67875
PR21UB,91109.27004
SA128HR,70875.80033
WA88UY,84886.77576
BB21HH,57874.29584
LL183LW,95716.98797
NG219DF,77808.57385
BA46NY,86702.82816
M228LQ,50274.43605
NE392ND,85406.63221
NG56EB,96011.88888
NP47SG,78587.06876
NP47UN,80840.11658
WF28TG,75316.3578
WF20EZ,60221.62681
CF483LA,57498.23929
CF483NG,98378.05508
CW121RP,88276.21647
LA184NF,89595.90336
NP117HB,83011.43547
PL54BW,59645.75941
PL52RN,73766.29281
WF119DU,92282.72943
WA92HS,70645.95165
CF312HH,91948.37616
DN358PF,93216.95126
BB32EE,92621.57163
BB33EL,68645.1147
LS85HX,74335.15079
ST16QU,94212.378
ST34RQ,71191.32758
ST34LL,63669.43341
ST37AN,67541.00653
SK153LH,89176.24157
DN124EL,69611.93351
DN158BH,93740.18663
WS14BQ,89531.97587
CF446ER,81716.32012
HD63BB,82679.66779
LL552HY,85910.70429
NE650BU,88795.9437
SA148NW,95153.88044
WF178LY,79103.79503
WF176ND,88176.35063
WF133EZ,94182.32157
S727NP,57361.6528
TS37LJ,79967.49674
CF327DG,99798.45569
M139UG,57475.33029
M403LX,84413.2293
NP123LH,92633.95867
WF103DR,43500
WN50QJ,74910.53625
DN157QB,49228.83937
L210DU,74256.14078
L281RW,62171.94482
LE39PT,86725.11476
LE39AG,91820.41855
PO36BL,89068.70996
SK103EX,86031.49951
SK103AZ,85320.83583
TS105HY,95841.48806
BD49EG,68159.87741
BD49PT,85996.59624
SA106NJ,96338.08995
SA108NY,91420.01671
SA108NA,47646.85949
SA106RN,99798.40112
SR48HT,87571.9811
BD132PF,53376.2145
L355AE,99580.67402
L353PJ,90004.04087
LL141PT,80700.24092
LL146AH,92256.15512
S740HG,97049.84764
LL142HF,96349.25344
BL34JQ,47823.22373
LL535PA,82650.46288
CA142NG,98710.83077
HD45DQ,62610.55336
LL198HX,68286.13999
NE661UU,80350.55948
WN24DG,77813.32564
WN21SJ,90179.08439
WS115JX,89915.1291
DN379LD,60980.56962
LE26QR,93679.58181
M65RT,73625.82125
SR53RE,96976.45312
CH495NN,91124.82273
HX39PT,92070.94666
LN22ED,92581.68836
TS198NN,35213.38622
TS198SP,66025.09916
HD62LE,53279.80083
L148XH,77635.88545
NR304HJ,96885.67442
NR303DT,91531.36538
B450PB,96165.72371
B459JP,93359.93671
B976LX,86810.74106
LA77PU,98578.34382
CA103QG,72476.62672
CF320NH,83265.71961
CF426HU,42539.06714
DH87JT,69092.15309
DL134AG,53500
SA84QU,89282.21427
SA111JN,78142.54346
SA113RS,82151.6387
SK145PA,89357.26182
TA201FD,70565.59914
WA50DX,85801.3259
DH88LR,83789.02288
HU68DS,41851.52565
HU67YB,95735.52621
HU68HB,37995.6716
HX61HR,77901.76732
NE156BH,61006.96595
BB104PZ,74500
CA141UW,61927.66155
CT201RB,78687.31167
TS105HG,85865.91075
TS105PJ,54715.81446
L355BH,78070.62316
ST42EW,78619.73423
WF118QA,94177.71938
ST43HE,75041.09859
NE62DQ,87065.36759
NG118HL,98451.61601
ST12NR,78309.84916
BB33BZ,83471.76489
NE62PU,76099.22102
NP237RD,40734.38315
TS66JE,33390.5064
LA127JF,84250
NE388HP,84784.01133
S369QT,97550.24054
CV211AX,99670.3184
DL178PG,43749.97019
DL178AQ,68759.68716
DN163DY,59377.48118
LL143HG,62889.24645
S122JY,58559.28747
WV81YL,84723.46734
DN162JJ,68979.75918
HX39RR,93998.30718
HU93NT,55123.68268
L243TW,95121.13836
M405FN,40134.24053
NP199PB,74998.50821
LL413BB,56826.84122
SK13PH,59375.65205
TQ58LN,88111.54367
WV108DJ,87807.42035
B357JR,93372.42889
PL14BH,76674.6596
CA143XG,42003.70349
S50JE,81671.47791
S57SZ,90368.36341
SA174TS,86061.71191
ST34HH,61562.61679
ST36DT,67798.46064
ST36QT,50241.06036
ST52NQ,90581.02051
ST50BX,82357.48951
NP76EG,86773.89248
BD208TS,73882.1786
DH47AA,77464.29243
DH47LX,79220.61466
NG69JQ,93655.96875
OL127DB,59665.59513
S431EF,54031.99172
M228JN,75181.74348
DN145UE,79899.37001
M244PN,97379.82807
M241RE,88180.859
S87PP,84522.93797
NN180QJ,93382.57189
CT91QX,71246.74097
LE51HQ,73135.74226
TS253HB,72360.03024
TS253EU,81590.99865
TS255PH,90515.63912
B440SX,40107.21833
DN40LY,98988.62176
NP115BW,80542.36842
RG91HE,61803.80242
WN71EE,75922.71715
BB53SY,42684.85601
HX39DF,98984.008
NE638DT,62843.88728
NE638PL,74790.85095
BD196DA,75151.70155
CH423TD,86802.38718
S417DL,96313.83367
SA108HW,85347.68386
TQ122QN,68349.21085
WF14PW,92475.37908
HU165RW,76775.2273
PR42JD,89752.29218
M437GA,46550
DH45EQ,89250.53
NE95PT,76251.48262
L135UR,51137.41989
SR85PR,94179.79455
LA45EZ,74249.41998
LS115JR,94850.66885
WF129JZ,97757.96419
LA31HF,90232.08369
WF133EA,96073.18324
B774PR,87567.65745
SR77QF,89212.1941
B324NN,77765.99835
CF448LB,89946.44168
NE325RZ,99189.98556
S50AX,70716.27293
S56QE,73133.24082
CF465HY,38638.07461
HU74NX,57175.579
NE323RF,70790.11235
WF157DH,81919.68695
SK38LT,82000.72354
PR23ZJ,73979.94443
S433QL,93522.56139
CW69LT,68468.83333
WV46LZ,92666.66667
LN86FA,97114.28571
M98GJ,62388.32235
DN145YN,99349.60003
SR84JS,90160.41109
TS176SH,63366.63636
CA243LT,85000
NG36JB,83443.94754
DY32BH,96000
OL115HB,98719.81881
TS117BD,79217.4096
CV33AJ,64217.95362
TF15DN,66631.65201
LS103QH,54079.72497
M245NJ,93369.74362
S651RL,52793.16117
BD80EA,78266.21823
CV21HW,56882.43076
L66BS,99539.1515
M144ND,93497.83561
NE387QN,78573.7292
BS231QR,79819.42709
HX15RX,69069.27979
NP197FX,44944.5991
NG181ND,95025.59692
WF95AG,34639.96131
SR52AU,54200.51126
SA311JG,40531.21117
WA29EW,48820.24147
NE63TD,69950
CH419EH,68784.51515
BB101BL,39558.75857
DE78SH,76835.15189
NE388DE,43344.53966
LL413RY,98300.16981
WA94LY,90873.14679
HP226PJ,82500
NE61RG,31409.41829
L114RU,50530.32211
CF481NH,74994.41118
WV111QW,45604.89965
M246FU,89405.63227
TS66SG,52060.21164
B709XH,79917.83895
CH413RL,60344.79419
TR138TH,50000
CA288ER,66975.45021
DL12NA,63846.74347
DL11SX,60299.70217
S738RS,78500
CF311EU,68246.21616
DN173BY,99765.12046
LS141DR,84442.37616
NN180SS,69926.39739
WF169PA,73612.69959
WS108BB,49106.52871
CF336EY,61530.33769
HD16BG,84732.90999
OL12DY,36750
SY112SG,52051.48064
LS96EH,51218.09322
DN124HT,65813.2543
WF101EE,86525.75152
DL41HH,38000
LS103EQ,81467.27557
DN156TN,95190.24002
WD180PA,54894.57896
CF453EG,18000
GL12BA,99007.60703
HU94QG,79261.22868
M347NU,24058.96801
NE425AE,96493.88989
NG347LA,96500.0268
OL66HR,81775.9486
OL68LJ,79851.09489
BD228PH,83847.85006
DH99AQ,67977.03054
DN104RN,98016.5487
DN208PZ,99742.65972
DN329NH,83182.04061
DN320JX,69556.34595
FY12RQ,86277.92644
FY15NF,82593.9938
FY76DP,89777.9333
M389LZ,88117.57749
M389RQ,55393.02084
NP199FQ,94704.36031
NP199HR,83353.84585
WN13JD,58347.80517
WN13UG,92017.61996
M389NS,63487.17347
BB99RQ,42585.64115
BB97RH,37362.88669
DE231RJ,98628.42218
DN67TL,83765.7879
ME13AL,99212.98822
OL82AN,61416.81695
OL84EA,77339.74319
OL83LF,77135.98769
WA119BH,65412.21946
WA110SL,73907.50713
DE159HY,71685.81326
DE74GW,94754.67462
HD22NR,92091.08678
S22FF,78381.91127
SA91YJ,85967.37527
ST29LQ,78697.55023
WF82BU,97924.24553
WF84SE,63023.10918
S124HQ,98417.4036
S124RT,99482.44327
S124EH,91123.16248
SA92JN,78459.3317
M147NQ,86951.70076
NG84ER,88461.44676
PR14JJ,78737.8798
S636LU,99219.54231
S639DS,98119.2103
S630DU,56172.12645
CF838GX,90025.76149
CO151TW,91703.40507
ME159JF,70683.19482
NP237QY,83920.68474
SA409YW,91634.25345
SA409QT,89043.39444
SK30DP,96598.704
ST68LA,73907.38623
ST64EZ,86933.93444
ST61EW,68194.85171
TS268AN,47950.98436
WN74QT,83917.82584
WN74SH,83910.73996
WV113PP,99161.87529
BD211AX,67101.84915
CA73AF,92879.23345
DN401NQ,77392.8074
DN401DL,71785.12275
DY139EE,91739.55457
FY43BL,71859.95154
FY43JG,94685.26933
HU35PB,56492.47376
HU31RP,80733.61374
HU31NX,78219.36619
L91BG,66917.7222
LA141UY,71211.26963
LN60LU,97143.29656
S614RP,97544.2517
SA181TP,89201.58909
SA181SE,66721.81299
SA181AF,74355.81103
SA40UE,91904.9149
SA48RW,93377.48092
BL40AR,95030.0306
CF336AA,93868.25372
SA84HJ,95745.97762
WA101LE,85608.43296
WS100LA,77828.52856
WV148UH,96397.49563
WA106PP,80053.4658
WA106TY,74454.62755
FY54BQ,99413.95635
HU192TG,95420.46864
LS134TP,80480.65161
NE263HP,88390.63156
NE630BJ,69730.96322
NE716HU,83830.80528
NG146ND,86763.49681
NG164BS,94073.19033
NG166PW,66916.23167
NG163AX,63618.72597
NG163JU,83197.81595
NG199NH,66063.96888
NG197LZ,68179.42212
NG196LL,91710.2862
OL162TD,72446.72246
OL161FD,83006.73958
OL165SP,52380.2603
OL163RU,93136.39928
SR78HR,89596.04717
NG197LF,94788.77031
B347SJ,90101.07506
BB186UR,84133.97529
CF402RU,49798.54356
CT162EN,94696.98022
CW27EW,91280.63269
DY48PR,93473.92155
GL155ER,86140.06102
PR252SX,97641.64049
CF449LU,73228.92803
CF440HA,57334.94317
CF446AG,66952.34216
DL15EU,71344.23962
DN26QB,81000
GL14PB,97505.81484
HD16EQ,73463.30482
HD58BE,97961.34757
HD59HT,91462.09252
L80QU,74077.77604
LN139AF,84833.33333
ST71EN,64762.13547
TS183PX,96891.37191
WF120EB,41704.60043
WN67DR,73731.5743
BB50NR,52128.31126
CF54PP,73250.9245
DN122JQ,83911.58751
DY27JS,61419.87619
DY27QU,89280.14919
TS178DH,79910.55725
NE238DJ,85443.94564
NE237HP,86508.85308
NG24GA,92376.10601
NG21PE,80634.53502
NE250DZ,91233.48916
WS32AE,74457.13749
CV65PB,85418.28163
CV65BY,82944.08568
DN75RA,82251.01774
L47UQ,51266.47597
LL229HF,88923.34769
NE349TL,48116.44325
S739EJ,75038.56955
SK143PS,67254.0503
WS109RQ,97515.54711
DH62BL,87137.16644
DL42DR,87090.70895
L109NE,67761.55606
L107LJ,89884.07453
L277DB,77817.68436
M437EJ,98983.41266
M437PE,76320.41668
M96HA,85266.63344
M96RB,78238.49597
M90RQ,83037.64245
M94XE,49500
S50JT,78512.45789
S810PX,89440.87231
TF15BL,90377.72816
TN231RD,65492.71605
WA41PA,89804.80078
M90QN,83015.99283
S58XB,55486.75995
WF42AR,68760.2511
CH652DX,94289.02707
CM203QT,98621.22254
HD80SS,92447.65536
S207HA,89050.07774
TS123LB,87406.11046
LN58QH,84992.16165
NE331SD,76265.78838
BB23RP,53894.78504
BB24AY,51852.98785
BD228NT,90050.24306
NE650QQ,95972.15319
NG172JS,69477.6051
NG174EL,58623.7018
NG55LX,78656.57127
NG56DZ,82880.31644
OL28PA,92297.87042
S402RW,91562.46849
SR28NG,41895.61422
WA76JJ,91109.91715
OL28RY,92495.72402
BB120HX,97337.92966
BD183DX,70675.01858
BD183RN,81427.31749
CH649XJ,93733.52964
HU165HT,92762.89826
HU165DS,97334.94634
NP131DS,52544.69241
NP132DP,69213.53685
NP246BE,53328.32119
NP246ED,76084.80672
S626EQ,81028.69679
TA65RD,96749.56249
TS197LT,92102.18179
BB89JA,70398.69717
BB80HB,74523.38659
BB88HA,83127.69975
BD63PT,68490.58921
BD63SB,59789.71218
BD61UA,74594.23359
CF425RB,64207.46962
L260TR,82851.8972
S804LW,75420.58465
S802PJ,97819.72881
WS42HR,84586.8812
CF479NP,59657.45278
CF470UT,83869.89238
L362LW,65223.98554
L63BB,84543.85422
L64BQ,88983.67145
L63AW,45736.41026
LA94DH,93346.70186
NE287HE,77525.5965
NE289HE,86716.1106
NE286SQ,72598.87264
NE287JQ,48453.24505
PE304RN,87567.17412
WS28QZ,86020.11111
WS27EL,84863.89866
WV81TP,96933.02505
YO167NR,88605.4711
CW81DB,91049.05167
DN50DQ,78447.48145
FY38HW,88707.05465
OL150DX,89566.08953
S749RD,89860.79548
S748JL,86862.06566
TS273PE,96534.34168
TS43NW,75959.86622
TS43RB,88425.66092
LL652ET,79064.80409
S61JQ,94270.31814
YO84YF,86741.11979
M168GX,87000
WA80DP,82177.77284
B634DE,96671.18641
CA24AB,92562.54038
CA26ED,79577.39207
L118LS,88770.04985
LE129HE,88123.6553
NG42JH,84698.48387
NG42HR,97042.6959
NG42JE,74194.34546
NG42NF,87349.31516
TF74HP,62080.88716
B81SR,98524.63155
DL150HL,81185.70218
DL159DY,78646.75829
HX28JA,72867.53045
LA158BE,91442.55287
M230FD,93826.14717
OL70HD,73078.27202
OL79EF,88045.58819
SA152HL,88341.44827
SA152RG,84549.92091
HX28SP,54905.48204
SA152HW,73959.42389
CA255NR,82533.24796
DH78RZ,86162.04421
DH79HZ,68268.89436
DH77JL,99992.09893
DH78XB,65458.09109
NE245EJ,84471.9735
NE242EL,63413.14244
S669DF,89689.3566
SA129UN,67771.35884
WV132EG,99195.61763
YO113EG,87687.76127
LE51EF,85288.73889
LL546AS,68183.3227
LN76HR,89701.1147
M460QR,98966.05241
NP225NB,67097.42436
NP224DR,87536.40006
NP225AU,59959.43842
S705UP,92828.92908
S703QZ,51470.77511
SR31DS,99494.95308
SR31SZ,73606.40948
SR53AZ,67154.1907
S704SN,74433.05796
CH445TL,80833
CH447HG,82666.66667
DN75HD,65914.35741
NE216NR,54274.33799
S264NA,85313.34231
LE50FQ,91952.56428
BB103AJ,68505.8106
M228JY,92492.98553
NE84RR,84931.91121
SY161PX,92492.105
TS254AU,63519.47222
TS255NX,81703.16147
WA27HA,75446.77207
WS66EN,99498.4345
WA20JT,51367.12573
CH437SJ,58200.87272
DL57HD,55393.94093
DL54HX,98773.41892
DL57HQ,61501.17191
HU80PJ,67125.65939
HU87SL,72541.26857
NE100YQ,97266.59029
NE108HT,73593.76474
NE108NT,70475.83633
PL143LU,77609.81349
PO63JN,97236.9401
TS14BJ,64615.35055
TS14RW,79032.77058
HU89LG,99579.65544
NG42JF,63456.69339
BB15RU,91621.79496
BB21EJ,62206.94368
BD48PB,96940.37643
BD49DP,70035.22564
BD58ER,81019.01298
BD59RD,75770.5201
CO28YH,99003.9924
CV128DW,83629.39139
LA141QL,41573.79253
LS62SG,94593.49224
LS61RE,88049.73812
SK56PB,92620.89619
BL00BQ,68551.10095
BL17JT,93899.9862
BL13BR,58448.04897
BL15UP,73009.22756
BL13PJ,69631.62665
DL39RT,86955.84103
DN311RN,71221.34246
LL184HN,99344.81409
NE296JA,64558.39088
NE290EQ,73124.9176
NE298SS,77582.56034
TA202DF,98736.08149
YO125PX,97768.7239
BL15LZ,99438.94392
DH96LA,61640.76181
NE446EQ,50235.75431
TF31PQ,82726.41082
TS197LG,99038.36466
M308DR,96341.49917
NG229TR,58117.40719
ST136JE,80814.04222
ST136BB,87364.64546
TQ122BS,98305.43254
BD112AB,93932.59437
CF417TH,68147.95305
CV345XS,90611.06772
NG244PB,94671.69369
S627NR,67679.51855
CA79SF,80000
DN311XU,66165.7582
DN386HS,77693.44044
NR322EB,84774.37427
DL148SP,55562.29526
DL140SD,92748.6951
DL146XN,59481.43144
L49TT,86569.40771
CF433AN,64427.90487
NE95PP,96068.17975
NG166NG,66263.44574
WA29PS,76648.68451
LA139RA,96609.3201
LA31BS,93757.70175
LA31QX,97892.67546
LA31AW,99072.39548
OL129DZ,70407.40509
OL120RZ,71332.329
CH493GS,84994.49686
MK417DD,87238.54001
CF349PA,91419.73688
CF340NP,88596.68058
DN146EG,64680.02124
HX49EW,75702.90769
L117AQ,86338.51124
L132AL,63887.98249
NG210TT,87040.67348
PL14RB,98000
SR83DS,95088.28434
HU93DF,38536.38282
TS54QA,81902.91217
WR25QE,82357.98816
L56QN,65657.4214
NP114PX,66200.58093
WA95NB,99074.08778
WA95EZ,63569.10959
WA91LX,59562.88094
BA126HT,82402.07974
NE482BU,78000
BB31PD,65906.11952
BB33AJ,93350.83676
BB33HZ,51725.79297
BB32SB,82192.88877
CF629DW,78487.7054
LS97QR,73017.43078
LS90HS,68577.51509
LS90NH,70583.50088
ST32DW,74638.40261
TS214DW,62027.91418
ST37BW,88689.54872
BD39PL,74515.73394
BD38AD,85776.03222
BD62DZ,70027.18918
OL69EN,65929.13145
SK151TF,62942.3535
B312JZ,92757.71511
BD212PR,69188.01783
BD213JP,48039.34073
CA289LJ,63179.44784
S446QB,63741.88456
SA731TT,83874.13092
BB114JY,47718.51695
BB112SD,54406.33611
DN345EH,42000
HD63JU,85494.80491
SA149EL,62668.14476
NG317XE,99930.49669
B661TE,96053.17304
IP75LF,98960.22741
IP75DL,96607.68402
TS30BD,92970.81627
DE554TF,98332.40005
HU165BT,89612.4991
M405QR,80603.36904
WF103NE,69729.03867
CH454LY,89815.0525
TS104SW,80249.54024
BD40EG,75849.75519
BD47JU,80389.13501
BD48PR,70265.74092
SR48AS,99365.87116
WN34PN,91021.24512
BD133DB,82548.46089
CF336AN,72091.7312
IP28JJ,95196.28389
IP256JP,98976.58557
S740AT,89437.01733
LL146NR,73632.9796
BD57AR,96251.82056
BL36UF,72779.25976
BL34JA,84217.94593
BL33BD,95941.74365
DH62HA,55487.5
DH65DY,71365.06254
M80RA,57739.37816
OL59BW,98978.88703
S654HG,69637.6948
CH652EP,65664.09157
CH66BX,78804.16904
CT93RJ,79239.06426
OL130RT,59237.40229
TS36NP,64252.21465
TS37PH,85377.68879
WN24SZ,81965.20243
WN23TF,45475.55515
HU93SG,27091.93316
NG86HS,67692.12229
WV146EB,82500
HX35SA,93145.00273
NE464JW,87000
LE673PT,90271.14527
S434QD,44420.5311
SA126RW,79753.12938
WA59PQ,87165.72856
WA50JA,84451.59644
WA50HU,70316.25074
WA50HN,95050.80218
WA50EQ,97223.97633
CF328EW,71403.90442
NN180LP,93999.60055
S139NA,95146.5134
S141GY,55317.11444
S141PD,64449.4738
LA158LY,77000.70829
LS146ES,70323.0403
SA112LG,68246.96615
SA111PN,67363.83659
SA112LS,81403.30394
SK141LL,68404.62221
NE100HS,60180.87506
LA145SX,63530.0154
TS248JQ,72280.10513
TS101BU,67255.59131
ST44PL,72296.95596
M458PP,92912.35026
M456BY,73028.9734
S25BW,73884.7589
S25FG,48507.56318
CA30BW,92748.56649
WS33DA,78873.51503
L261TF,87747.53972
BD213AW,29557.42671
LE35RG,90271.22005
LL651PT,95066.30165
NE63BA,96381.64404
NE62HQ,92565.80575
TS60TR,65439.80677
BL22NT,57444.01891
BL26BN,75022.95556
BL22PN,72580.62953
BL25LE,93627.92957
NE380HZ,89059.78132
NE380HR,67953.2529
NE388DW,75862.57319
PR58HH,75512.66974
WS115JP,96259.71741
S366GF,93745.99275
M187NN,49038.3072
BB15ND,69461.11281
BB11NX,88244.15282
MK109UB,36328.5
L98BB,91353.61171
LN35DE,91818.48127
M407AJ,40709.7301
TN288NN,96117.09827
DH59LJ,81153.40028
BL33FG,91560.09263
OL145BW,70766.57553
TN401FE,72866.2347
PL53TF,96896.07493
S58QJ,65271.55715
ST32EB,70881.13432
ST52SF,74292.84128
DH22RB,77603.08833
DH46RX,78339.92968
DH47NT,74172.10389
NG68AX,69276.64606
NG68DR,79606.90174
WN68RG,78369.67791
CH447DP,64718.9673
LS103PU,94919.4328
PL158HZ,98033.26355
WF94QU,37682.77809
BB15PB,88450.55571
BL81BE,74062.70024
DH78AZ,48140.14626
SA612EZ,90000
TS255RP,57750.17951
TS253EF,85500
DN40DG,81502.04241
LN60YP,74929.53944
LN60DU,35219.58998
SR79NJ,98436.4528
DY139PQ,73180.25928
HD45EX,62571.09503
BD193TZ,95586.77079
WS41PS,91519.12621
BB67HP,61153.42366
CH425NJ,71991.04898
S418UG,55580.2863
S728LJ,63294.53767
SR48AF,67879.78266
WF14AR,58312.12912
HU68NU,65052.93354
HU69HG,56252.02843
HU69AP,42298.56976
LE112AE,39196.30845
FY77DU,87013.0187
BB32EU,54536.66236
SY131NY,93574.17188
WF75JH,82179.80853
BD129PE,78459.00995
WS86JH,98414.30683
L219HH,97313.25796
WA31DS,96420.74076
WF156HF,43157.77769
WF156EP,82378.1322
B323UD,95886.46672
L202EF,60647.57095
L205AB,61116.57819
SR49BH,72796.53585
L302QE,83089.21168
NE323TD,90747.02035
OL70TE,54628.72299
ST28HW,21993.40892
WN22NW,58399.82935
B95LW,82179.0603
CF465RL,74559.5034
PR21QA,75795.16739
DN49DF,77214.5315
CF417QJ,16911.73599
NP49EN,49315.91657
SR84PR,69883.56411
B712PN,78715.66853
NG32QL,52100.15754
GL167JG,63699.34824
NN180QS,91800.63928
L336WD,67076.1075
DN124HY,59371.49499
BD162QE,90492.55876
CF484SJ,74916.77167
M244HY,90523.40023
ST46EU,92535.5355
NE129QZ,99011.32808
TF27NP,92500
SO196ES,85798.46685
M224WT,87500
WV12AT,86730.35954
DY148PE,87576.40039
TS69EA,95545.61686
BD24PJ,90250.62138
TS184JN,95738.85036
TS66EP,36290.91578
TS251ND,70959.1542
SA67AF,70099.25026
WF33JU,88515.04519
NG172JE,86663.75458
ST56HT,86342.35544
BD50TA,34000
NG172BH,82639.76394
BA151ES,70000
HU74NF,61178.72706
DE248EL,59767.21659
BN159QQ,99413.96727
GL510EA,81951.08296
CF466HW,60050.69189
NR32NZ,60462.09245
NE83EU,60077.51557
TS96RF,73591.83148
LL571RB,94009.35357
CV21JJ,68846.42608
DN48LA,69807.86538
YO243EW,51151.81048
M402SD,76876.71643
CH415EP,94078.44081
S91SL,71005.55558
CF482DH,49192.60445
WS33QJ,77552.35955
M308PD,39553.76604
SA182BD,66861.85103
DA125BF,70460.24444
DE224FG,49433.29029
SK95AP,70000
GL103UL,96088.43547
L311EH,90000
WF61AN,89805.17384
CB75ZW,68000
LS134RQ,77873.32862
EX201TA,65460.85833
S426YD,79148.37267
BL12PN,83000
LA141HD,30000
SK130DD,23602.29279
MK57DX,66068.07271
LN130NN,75634.38152
B111SR,96559.45219
WN24LQ,99950
WF14LG,29745.10436
LE131JQ,88803.79507
M347DG,84758.64628
NE426HP,90454.11942
NG348TU,81058.57286
OL69EH,62430.05506
S614QZ,74812.33644
S614AW,97441.7718
SP119SB,92665.66746
TW197QD,77519.85277
BD229EL,78650.1663
BD229EE,84513.4829
BD226DG,74231.62178
BD226AJ,95066.90503
BD227AU,78288.81891
CA13JU,87557.70845
DE214JX,91155.87508
DH97AG,50673.11997
DH98LJ,47358.20751
DN106PD,87841.9804
DN110NL,83880.08037
DN327LH,50464.88889
DN329SZ,93283.43212
DN327EH,67168.53744
FY16HQ,82457.15584
FY76DY,90294.8066
NE325XA,66573.41648
NE403AR,87428.04737
NP199HW,86573.56061
NP199SL,77108.4361
OL113LQ,79067.41336
OL112TA,66664.19989
S625NJ,65849.29559
BB99DL,38699.95596
CF356YG,91309.57464
DE236QW,64880.16804
NP447JW,93557.05086
NP444UX,90439.86536
NP441BJ,95436.39659
OL82SN,53938.0288
OL82RD,70500.66818
SA55PA,56282.95428
SR78DZ,92529.07829
DE231HZ,99733.19092
BB99YN,43790.36442
CH661PU,95192.03303
DE74AS,91055.17996
DE78PP,74145.21073
L79LP,84858.59909
L76HH,88201.32399
NG75AW,95671.12864
PE28PP,87694.5706
PE202BN,98431.37737
WF84DY,83871.39946
BA228QE,84378.35429
LN122AP,76128.94645
M264HQ,88764.58758
PL15HW,98730.22549
PR15EH,75779.70913
BH234WL,79757.45924
NP236ES,68002.12122
SA650DH,90000
ST68JF,76890.2771
ST65UG,85382.14648
ST63BX,71690.42215
TS202PZ,82104.27519
TS269LG,61706.34806
TS268PS,80144.6835
TS274BX,53677.18309
WN71NA,58126.92629
WN74DY,61136.91515
WN75EG,58000
WV113QL,76593.57779
WV111NT,93058.38718
BD211HQ,68260.26573
BD215BN,82555.93435
BD213AS,99038.2359
DN345UU,98114.34016
L98DZ,87466.89459
L99DN,94897.96551
LA145RG,70948.23577
NE646AP,89250
NE646NW,89713.8958
S614JP,98339.21274
SA40UN,98281.42338
WF92AL,65509.73857
WF93NJ,90120.11987
CF336NW,88287.335
CF336AP,80364.31926
S728XA,76953.86195
SR28AP,60455.28276
SR20BD,98817.56699
SS24ST,68871.38651
ST20DS,64957.9653
WS108JT,83388.25578
WV148LG,80723.40162
WV146HL,81759.64026
ST20QE,70000
WV149EG,93775.24155
DN212TT,77992.0091
DN212AL,93526.14006
FY53HB,99015.78715
FY53DJ,80299.67805
HU192HL,77259.59998
LS132LN,98031.57795
NE639EY,43237.8079
NG164AP,68916.8273
OL162UF,75151.21427
PE133PF,92151.35348
S139XE,90373.49975
S410LL,79021.11838
SA731TX,75120.46349
NE630HB,71062.3878
B347HU,98047.26037
B775JF,74899.79213
BB185AW,89596.5914
CF401BU,76013.22877
CF401EN,87027.19092
CF402SQ,82133.92189
CF470PW,68100.1392
CF827LZ,92584.60289
CF828EW,74348.85943
CO123BB,98474.72177
CW28PE,86786.93173
DL166HP,61783.262
DL166RD,58137.27401
DN227LR,96468.0534
DN226AS,81077.95336
HU55BS,93316.08887
HU51BX,44083.1367
M193AS,94498.44899
PE252RF,67132.01486
S667LS,65229.24104
BB186NS,70427.54405
S667JR,76886.94627
CF446DL,70400.73056
HD58UA,93928.62232
S713NB,76695.34037
S713LB,15686.0457
S712DZ,82817.27343
WF127RY,90882.04011
BB50HU,62714.67311
CF54BQ,97097.65907
CF55JB,75898.57943
DN121BQ,49976.21507
DY27NH,80952.37974
DY27LG,92724.52353
ME121BF,88372.29606
TS176DE,43698.57009
NE232FL,81046.57906
NE231WG,23320
NE250AS,58044.71489
NE462AP,86811.13321
SK178BW,94953.50235
WS32EZ,87608.67257
WS31QH,66592.72526
L178TS,83900.73871
CV65DA,90110.62638
CV62LH,73821.6263
CV61HD,98161.93322
DN75NY,41773.30819
L40SR,44626.18162
L45PJ,91528.00012
L40UB,54254.14627
L40TJ,69778.00155
L45RL,71363.75623
L45UU,64296.55893
L45UY,54468.09113
L45UD,70643.17392
L43SD,77877.83355
LL227YU,94863.93137
NE340LB,73135.10991
SK146PF,69378.81818
SK164NB,89852.09603
DH62QX,59378.14854
DH63HW,73968.74627
HU35AR,67735.08638
HU46QH,60765.19227
LE112EP,80436.37698
LE115JE,78788.51863
M188LT,73426.42939
M95PB,47831.84361
S252NG,78574.22696
S57EA,63872.57337
S810SD,76428.96034
TF13DR,72298.36992
DL41AX,56019.94581
L109NA,75840.36865
B659QQ,97376.94676
LS285UP,94157.94313
WS120RT,91861.11349
BD109RQ,93398.93284
LL116BS,97178.55475
LN58NL,97731.63729
LN57XA,97074.714
NE334SB,87686.58844
BB26NR,64817.08112
NG171FX,66952.6924
NG171FT,82329.61739
NG182QJ,79674.31694
NG182SG,64077.35594
NG185SG,65303.30592
NG57BP,92372.10062
NG59NZ,66174.57562
NG59EA,76958.41914
NG51HU,96858.17723
OL25SN,85234.76575
OL28SX,80738.59784
S402UL,76978.622
SP27HS,93550.45749
WA75LY,67012.89499
B369LX,94672.36052
BB120BU,51120.1811
BB47JA,98040.48797
BB48JP,69745.78204
HU165PY,87770.44338
L242TG,89216.91946
M188GE,61044.13374
MK145PB,83553.72621
S627NS,86943.97827
SA67AA,85268.93461
SK117SA,94240.88489
BB88BY,93386.72451
BD61TP,88359.54833
BD62RT,66894.83616
L328TN,84013.41925
L89RF,63507.11868
ST20JS,80990.80421
CF818JB,78308.83383
CF819LP,57330.58083
L66BE,60054.3072
L60BP,81087.56996
LD15DB,91100.27952
LS142BW,97381.9897
OL41EJ,77908.75759
TS134RP,99835.39534
YO164JE,70025.55427
M94LU,45981.82456
OL43NG,92427.56558
CA157HY,94255.87742
CW84AG,96155.5957
DN358QZ,82246.91953
DN59NA,47927.21697
FY38HF,96826.9104
FY37ER,73846.25109
NE332RH,75000
NN109TP,91653.99871
OL158BJ,71443.40545
OL158BN,80041.11941
S749PN,83745.1804
S740QY,71240.29622
SR32TJ,78448.38725
SR34LR,77131.6072
TS249QX,79587.89557
TS249PD,87801.7413
TS42JY,60000
TS57ND,83394.1211
B152JL,97843.0631
CH440DX,68104.91878
CH444DJ,83607.80413
CH621DZ,98467.35218
M307DD,88717.0178
NE177BY,49626.71574
NE177ES,97526.4321
NE177BZ,57175.51033
PL158QS,98444.33163
SA91EE,88122.09775
WA80AX,94089.07576
BD89EN,75576.20081
CA27AX,83019.62249
L115AU,86063.89641
L112TY,72639.52505
OL102BL,96574.72083
TF74AA,68875.31752
DH58AR,95356.82343
DH50NB,75411.28669
DY29SJ,96956.93304
DY49LS,78739.94259
DY49JH,96088.86289
FY83DH,90147.96014
HX29SE,80387.77838
LA158QL,83757.06058
NE372EN,97363.35526
OL79DN,68258.42615
SA152TS,87031.55715
HX28LJ,52003.95694
OL70HR,66744.37109
DH76NJ,67385.48696
DH79YW,61702.23065
NE242HB,56017.32807
YO111XR,95507.08595
LL546NW,95972.5673
LS103PF,83516.45268
SR31SF,96994.00401
BL53AH,86094.01094
DN172HZ,82523.04479
NE215EW,75500
NE214RG,84791.23533
NG181QX,81000
S264UP,85929.3071
M252WL,94519.41804
NE81QP,97155.16728
PR90SH,94810.04679
WA20NT,89747.70291
CH431XN,74056.16933
CO148PS,68493.97537
DL55LU,94539.98356
HU89BP,87000.89021
HX76NJ,98989.17014
NG208AU,84414.23421
NG42FG,97633.45279
ST12EB,85694.02677
TS14EZ,50602.72311
HU89QE,58338.62101
BB14LD,79385.22609
BD196DD,95616.60637
BD195DB,81008.1746
BD47HY,63038.27403
BD50PN,88813.6583
NE625ES,51688.72173
SK56RE,96758.61257
WV60XB,97197.96767
OL81SE,56194.75085
BL18JY,64013.15954
BL13AF,72588.65493
BL14BS,71722.09411
BL18LH,65554.36043
DL39XB,79079.17324
DN312RU,68277.71778
LL184DG,85994.63028
LL184PE,83295.99313
LL181PW,93343.69657
LL182BG,63189.42581
DN312BB,80289.49201
LN76NG,85947.35449
TF31LT,86751.48575
BL90RU,72634.20248
LL116UU,75029.94607
CH412QJ,79843.73521
CH415ET,57116.6299
L191QU,23956.37784
NE226JF,96701.71656
NG243BG,92284.84163
NG244BY,98830.10269
PO209BX,81523.18389
BD71QP,72919.91351
NR322HB,96801.09972
NR321JZ,96581.56496
NR322NZ,88530.0781
TQ28HL,91475.40741
DL146AT,63662.22616
DL148QJ,75320.64106
L150HU,66799.57733
SA129UE,70070.19958
WA20LP,39836.51448
MK56HH,74189.82622
OL126TQ,71245.82072
OL129SZ,86517.55524
BD157TS,92711.95213
CF340AJ,57063.24597
CF349YN,96624.16785
L138DE,73888.15923
NG219DW,79292.78796
SR84JR,92964.0184
SR84AQ,72341.64472
DN145HR,85096.86771
BD127DY,84872.25332
HU114JH,90000
HU92NU,68629.14049
HU93DJ,36747
NP45JD,88248.44294
OL68RY,97569.15596
NP46EJ,90919.02158
BD21BE,72590.69131
DE249LS,88957.5897
DH23QH,65084.65081
DH23QF,67585.69996
L56SB,77723.65919
L96BH,62952.10826
L97DB,67146.88235
LA184DX,43416.47958
TS274DQ,82268.18182
WA92DN,94804.57155
NN57LD,71323.12903
NP116PN,93320.75149
NP114FE,64422.69168
HU89BW,99046.65202
BB32AN,51415.76902
FY15QT,62819.74826
ST12DZ,86249.02313
ST37AZ,68053.29983
WF29QS,69937.82942
BD39DN,70483.4269
BD39DS,60263.39991
BD61DN,96083.15277
LS90NB,82500
NP246NL,56072.5004
SK153EE,84172.19121
CA289AS,66005.72161
CA288DR,84055.79109
CA286QB,70108.681
CA286DQ,73965.44805
CH51DQ,94291.87847
PE129ST,93821.15641
PE129BF,97826.71115
S445UA,91164.67162
SR32EY,80874.13108
OL70LQ,71047.13696
DL135LX,77903.97184
LA63HD,90283.72105
LL554EP,96888.77796
WF132DL,58624.14751
S728FE,72817.46204
CF328TF,85416.26516
DE554TQ,70877.86772
M408JN,76382.78804
WF104DJ,96735.93755
WF105SB,76333.33333
DL148BJ,67326.02137
DN158HJ,66579.66891
PR72BQ,88112.72351
NE625LP,69390.89314
LE29RS,97811.32012
SR40EW,70000
L353PD,91656.36955
L354NX,79155.65816
LL143PD,90808.28258
MK427HN,94100.13194
NE62EQ,70507.54876
NE62ED,70505.11443
NE64YD,52697.14069
BL34AU,58393.24031
CA144AG,79184.69592
CA145NA,78055.00542
HD59LX,86249.63881
M72DG,86499.86198
NG31PA,66944.94419
PO368AG,88083.33333
TQ148AU,99184.37851
TS39BJ,66384.61335
TS38HR,72506.42724
M73FT,95444.37035
CA26AH,75725.26933
HU95EX,77499.29895
HU94LX,58359.40581
LE29FA,97557.02969
CA12DN,48624.21132
CV33EQ,93095.08182
HX37HL,88236.25976
HX39LB,70803.49142
PL48LU,70812.31629
B100EE,87635.89122
CA93TN,81082.48243
L140NH,86363.52319
LE673NY,70422.24059
S432JN,81516.20153
S433QZ,72752.28829
BB102AF,82755.81016
SA147PR,88477.50937
TF27PB,68436.174
WA50LR,77697.71794
BD50NU,97138.11047
CF329AW,83721.86819
CF328EP,90551.36099
DH87RL,80715.29897
DH87RB,67939.77703
DL135PD,78316.66667
NN180EH,88314.33239
NP47JG,88347.52755
TS176HF,66766.72749
OX164QS,95336.37538
PO141LN,93332.79909
SA111JE,73629.2572
S138AE,78380.92694
NE156NT,60441.22596
NE159HQ,96739.31159
PR23YY,68052.66994
SY111LX,85629.933
BB101LR,86409.20221
LS133RQ,99330.85007
NE425BQ,83286.87169
TS103SA,95000
TS248EP,40168.50104
NE156QT,91819.46586
PO130TF,66898.01505
LL165SY,98067.80304
LS61PJ,23688.06939
NG199PG,76318.05385
S669PP,62633.69729
L300QG,87636.99072
S433JX,69518.14501
CA158QA,63624.11136
NG118QW,79609.10454
PE111SX,94526.4836
PE198TS,79067.63853
CA101BS,79076.73321
ST28DY,75393.85123
TS60TF,71636.44647
WN68EY,77090.05245
TS69RP,59286.05831
BL22DW,52595.18141
BL22EH,52450.00987
BL25LD,75484.21354
NE387PZ,91947.82604
S361AS,94805.86857
M278QF,86618.50919
OL14HT,79840.03351
SN13BG,37871.72956
WS113BN,74402.9669
NR94RF,95400
BB19AF,79317.59067
DH77AZ,69883.20306
DN161EA,72821.04051
DN161RS,71794.87532
LS85NY,59160.51535
L240TL,75438.80662
DH50EH,59195.51549
LL297LW,70679.74025
M276EG,95116.02318
S753LG,88836.20859
WV109SB,84312.79707
CF402TL,53713.74996
TS232RB,96427.86276
WN21HJ,70472.13502
PL53RW,68000
S50ES,71278.25992
ST50TH,57209.63093
ST56JU,89069.68735
BL48LJ,87744.42031
DY130DX,76960.45371
LL129NS,99981.62639
NG69GB,97384.11974
PL22EE,86306.53857
ST179SF,83762.46316
BL36YE,73719.35358
CH423XP,85847.28525
NG196PE,61491.25205
CH655EG,93943.59584
M242NY,96627.10985
M246FF,93832.5434
M245RN,77515.13878
M242BA,95590.49303
S87HA,82577.00087
S87JH,69886.1001
WF58QE,75280.57736
WF94DT,88406.66904
WF91BP,88531.91945
WF95AR,80410.05276
DN40TX,57311.52177
HD59LD,86286.4432
HU93RU,21600
PR75AZ,98108.64002
LL285AU,95293.86204
BL26HF,68205.29438
SA114LP,74314.23203
DN197QQ,77198.6187
NE48BB,83216.17295
CH425LA,46862.10877
CH426PD,63666.6328
LL146BE,57107.59545
NN27SD,71488.09217
WF14LQ,81968.90088
HU69DN,26075.14224
SA16NE,92731.10254
SA20GN,98319.24938
LA31TX,96585.60991
NE97AZ,57413.06875
B210PL,93621.93999
DN161JA,56358.97938
WN71RG,88681.66522
NE156HD,41398.88493
DY53YQ,95853.72865
CT27UQ,57500
NE83HF,68000
OL25PP,94917.50505
OL12NL,75828.10984
WS12HW,45343.05401
DN403HG,92062.22028
DN31BY,96000
L302RH,76981.33347
NE335HN,73312.70203
WF177DF,94569.67237
HX28HF,99593.39722
HX28SH,81826.27563
HX28BB,81263.95019
M111JW,93094.74638
WS31PU,82636.3558
DE554LB,84383.32681
FY44RX,41345.108
S802PN,49853.06877
AL100LR,90000
L217NN,89560.898
M144NE,75846.64095
NE156DD,66501.81605
CV65NN,83554.429
WA119RF,76671.00575
BA215NU,84014.4965
L82XU,74159.31519
LS133AD,74853.44332
TS103EU,91893.72858
NP235PB,95147.69852
NP234TB,51923.66194
S61FG,59480.31262
TS253AR,99648.6689
B798DW,77050.77074
OL115UU,83633.15362
DL150JL,49832.83256
M245WG,89138.19923
M246JW,79110.61762
TS12SH,56385.82073
WA88AJ,82202.25645
FY20RG,40351.64694
SO191AD,90673.08235
WN34UP,52445.54566
MK419QB,97651.38202
WN22NB,75692.04486
TF28EB,64416.63072
NE33SP,77159.77069
CW84ER,92640.87462
S402PZ,87866.12929
TS182HZ,49525.17637
ST57ET,93644.19178
NP202RT,74824.22695
TS253PT,48678.77445
M88NP,87500
S738NR,78753.30496
NG179JA,84428.12933
BB11TY,52651.01977
M130QS,96998.33938
NE62PN,89950
NE659JF,45154.21299
CF349AE,32500
NE638HW,92640.5926
NE630EP,79927.84952
WV131PB,73623.72483
BL36DU,56642.30769
PO77EW,73329.09496
HU74YH,67148.40384
L119AP,76010.00906
L116LU,92886.28592
M144JE,25000
ST74SA,78778.69441
HU68BZ,38904.11029
SR47HE,71219.13273
SR48AQ,81290.04431
CF484DU,51493.84809
SY134HE,92691.86973
NE52BU,49350.3699
B646DE,77631.64036
HU51JD,46057.94007
SR55RY,98058.70216
WS12HP,45000
SY162DH,50071.87023
OL79QN,55000
NE108JS,70000
CF484LZ,45231.81768
TR208JQ,53797.6842
WN25DQ,85000
2560,25000
75601,51493.84809
9017,25000
03060,51493.84809
3274,25000
56341,98058.70216
3514,98058.70216
0872,98058.70216
2775,78778.69441
9860,78778.69441
5104,45154.21299
0860,32500
5621,81290.04431
60280,81290.04431
3235,51493.84809
00850,25000
85040,48678.77445
9564,89950
TD154PA,52445.54566
29639,77050.77074
5540,40351.64694
3945,64416.63072
4741,76671.00575
5042,40351.64694
30312,89950
46359,48678.77445
62656,98058.70216
SG87NG,68000
25601,76671.00575
3116,78778.69441
60605,51493.84809
11648,69886.1001
2610,64416.63072
64106,78753.30496
34623,79927.84952
3130,38904.11029
06103,50071.87023
2350,21600
06460,52445.54566
5608,66894.83616
3272,62633.69729
55423,66894.83616
33300,45154.21299
48094,42000
4560,78753.30496
2721,73884.7589
4740,52445.54566
38440,21600
V2N4M6,38904.11029
0029,50071.87023
6424,32500
80210,68000
IV235BE,48507.56318
2575,66894.83616
4650,40351.64694
R3C4C6,25000
83132,77050.77074
6880,79927.84952
69800,52445.54566
93270,69886.1001
37850,21600
78382,51493.84809
7405,62633.69729
60191,63662.22616
95131,68053.29983
7100,42000
7106,89950
71022,77723.65919
PA353SY,48507.56318
3345,32500
3825,40351.64694
37130,42000
98158,79927.84952
18640,61491.25205
1577,72541.26857
57270,73884.7589
V0C1C0,21600
93030,69556.34595
01650,62633.69729
2446,74457.13749
3418,53279.80083
33610,71221.34246
2545,89950
87102,77723.65919
76801,77050.77074
5550,63662.22616
50401,32500
4010,74457.13749
01002,62633.69729
46601,53279.80083
97792,72541.26857
6479,61491.25205
83334,69556.34595
6535,77723.65919
5331,40168.50104
DE742GZ,42000
10561,74457.13749
52010,77050.77074
0820,61491.25205
74120,40168.50104